"birdID","Sex","Lifespan","Yr","Mated","Terrs","pMate","pFledge","Fledge"
"494","M","2","1",1,23,0.881724670995027,0.105642770329506,1
"144","M","4","1",1,227,0.800632577674361,0.567309077305254,4
"361","M","4","1",1,82,0.873955375714928,0.0216994292568415,0
"346","M","11","1",1,199,0.837732497531712,0.408841567459405,0
"156","M","4","1",1,167,0.844097902848403,0.471555135387462,2
"231","M","2","1",1,140,0.794153376948088,0.0831586216229871,0
"27","F","1","1",1,82,0,0,0
"31","F","1","1",1,23,0,0,1
"63","F","4","1",1,199,0,0,0
"106","F","2","1",1,227,0,0,4
"221","F","3","1",1,167,0,0,2
"239","F","1","1",1,140,0,0,0
"404","M","1","1",0,300,0.526393411215395,0.482406524257134,0
"118","M","2","1",0,220,0.504584488924593,0.347005038381422,0
"468","M","4","1",0,214,0.753381564645418,0.593795094173402,0
"247","M","2","1",0,9,0.0403708254452795,0.456415811480355,0
"444","M","1","1",0,141,0.412426478462294,0.241797487454211,0
"96","M","2","1",0,29,0.0378937311470509,0.376938131586231,0
"161","M","3","1",0,76,0.352240618085489,0.398047131309673,0
"199","M","5","1",0,42,0.455855973557655,0.361226270324551,0
"438","M","1","1",0,17,0.348815983626992,0.060779745257654,0
"359","M","1","1",0,261,0.0372349610552192,0.0961031770259653,0
"22","F","5","1",0,110,0,0,0
"69","F","3","1",0,291,0,0,0
"74","F","1","1",0,168,0,0,0
"78","F","6","1",0,288,0,0,0
"123","F","2","1",0,218,0,0,0
"147","F","1","1",0,169,0,0,0
"172","F","2","1",0,231,0,0,0
"174","F","3","1",0,267,0,0,0
"186","F","3","1",0,182,0,0,0
"238","F","3","1",0,176,0,0,0
"263","F","2","1",0,249,0,0,0
"269","F","16","1",0,126,0,0,0
"275","F","1","1",0,282,0,0,0
"285","F","3","1",0,7,0,0,0
"286","F","1","1",0,127,0,0,0
"291","F","1","1",0,14,0,0,0
"293","F","3","1",0,139,0,0,0
"295","F","6","1",0,264,0,0,0
"298","F","1","1",0,24,0,0,0
"301","F","1","1",0,32,0,0,0
"324","F","1","1",0,19,0,0,0
"325","F","2","1",0,21,0,0,0
"370","F","5","1",0,6,0,0,0
"412","F","3","1",0,281,0,0,0
"419","F","2","1",0,270,0,0,0
"436","F","6","1",0,158,0,0,0
"461","F","9","1",0,117,0,0,0
"500","F","1","1",0,159,0,0,0
"63","F","4","2",1,199,0,0,1
"269","F","16","2",1,126,0,0,NA
"106","F","2","2",1,259,0,0,3
"123","F","2","2",1,181,0,0,0
"3","F","2","2",1,165,0,0,0
"19","F","1","2",1,27,0,0,3
"29","F","3","2",1,280,0,0,3
"73","F","6","2",1,50,0,0,3
"112","F","1","2",1,272,0,0,3
"132","F","1","2",1,224,0,0,1
"192","F","3","2",1,296,0,0,1
"230","F","2","2",1,157,0,0,4
"258","F","5","2",1,236,0,0,2
"265","F","3","2",1,30,0,0,0
"322","F","1","2",1,213,0,0,1
"331","F","3","2",1,66,0,0,0
"396","F","2","2",1,104,0,0,0
"22","F","5","2",0,110,0,0,0
"78","F","6","2",0,288,0,0,0
"174","F","3","2",0,267,0,0,0
"186","F","3","2",0,182,0,0,0
"263","F","2","2",0,249,0,0,0
"285","F","3","2",0,7,0,0,0
"293","F","3","2",0,139,0,0,0
"325","F","2","2",0,21,0,0,0
"412","F","3","2",0,281,0,0,0
"419","F","2","2",0,270,0,0,0
"436","F","6","2",0,158,0,0,0
"461","F","9","2",0,117,0,0,0
"221","F","3","2",0,237,0,0,0
"238","F","3","2",0,273,0,0,0
"370","F","5","2",0,171,0,0,0
"16","F","4","2",0,156,0,0,0
"101","F","2","2",0,23,0,0,0
"141","F","1","2",0,265,0,0,0
"206","F","7","2",0,26,0,0,0
"207","F","2","2",0,44,0,0,0
"379","F","4","2",0,105,0,0,0
"463","F","3","2",0,242,0,0,0
"494","M","2","2",1,66,0.881724670995027,0.0792320777471292,0
"156","M","4","2",1,272,0.844097902848403,0.353666351540596,3
"231","M","2","2",1,165,0.794153376948088,0.0623689662172404,0
"161","M","3","2",1,296,0.352240618085489,0.298535348482255,1
"5","M","6","2",1,157,0.967063152363942,0.72313049150398,4
"36","M","2","2",1,181,0.586076918523759,0.0100279177783924,0
"167","M","4","2",1,104,0.852060402497088,0.512568980106153,0
"287","M","6","2",1,224,0.88240911100324,0.296549896651413,1
"421","M","6","2",1,280,0.769927590586858,0.710311193426605,3
"433","M","3","2",1,213,0.626232512528077,0.140559204281491,1
"118","M","2","2",0,220,0.504584488924593,0.260253778786066,0
"468","M","4","2",0,214,0.753381564645418,0.445346320630051,0
"96","M","2","2",0,29,0.0378937311470509,0.282703598689674,0
"361","M","4","2",0,252,0.873955375714928,0.0162745719426312,0
"21","M","3","2",0,198,0.279891507001594,0.321005841092731,0
"154","M","10","2",0,294,0.996307754196004,0.496782956323983,0
"183","M","1","2",0,38,0.111527038738132,0.0591620417857535,0
"250","M","2","2",0,205,0.346055019646883,0.247259521862562,0
"260","M","2","2",0,73,0.605290971463546,0.0301686769043822,0
"292","M","2","2",0,11,0.635947741568089,0.471799814651466,0
"360","M","1","2",0,261,0.38406542618759,0.255872265848013,0
"374","M","1","2",0,146,0.194698212435469,0.386480891742692,0
"429","M","1","2",0,175,0.920148761710152,0.525268882241758,0
"459","M","1","2",0,297,0.339514103718102,0.0778476423728027,0
"492","M","2","2",0,115,0.0543336845003068,0.129315067646311,0
"29","F","3","3",1,280,0,0,3
"192","F","3","3",1,296,0,0,0
"230","F","2","3",1,157,0,0,1
"396","F","2","3",1,104,0,0,2
"285","F","3","3",1,7,0,0,NA
"63","F","4","3",1,146,0,0,0
"269","F","16","3",1,122,0,0,2
"258","F","5","3",1,91,0,0,2
"265","F","3","3",1,11,0,0,0
"331","F","3","3",1,252,0,0,1
"69","F","3","3",1,86,0,0,0
"295","F","6","3",1,214,0,0,0
"38","F","1","3",1,50,0,0,3
"120","F","1","3",1,25,0,0,4
"121","F","4","3",1,209,0,0,3
"212","F","1","3",1,240,0,0,0
"234","F","1","3",1,265,0,0,0
"244","F","7","3",1,73,0,0,0
"327","F","7","3",1,176,0,0,0
"405","F","7","3",1,299,0,0,2
"414","F","1","3",1,271,0,0,1
"443","F","2","3",1,140,0,0,2
"455","F","1","3",1,224,0,0,3
"483","F","7","3",1,249,0,0,0
"22","F","5","3",0,110,0,0,0
"78","F","6","3",0,288,0,0,0
"174","F","3","3",0,267,0,0,0
"186","F","3","3",0,182,0,0,0
"293","F","3","3",0,139,0,0,0
"412","F","3","3",0,281,0,0,0
"436","F","6","3",0,158,0,0,0
"461","F","9","3",0,117,0,0,0
"221","F","3","3",0,237,0,0,0
"238","F","3","3",0,273,0,0,0
"370","F","5","3",0,171,0,0,0
"16","F","4","3",0,156,0,0,0
"101","F","2","3",0,23,0,0,0
"206","F","7","3",0,26,0,0,0
"207","F","2","3",0,44,0,0,0
"379","F","4","3",0,105,0,0,0
"463","F","3","3",0,242,0,0,0
"3","F","2","3",0,253,0,0,0
"73","F","6","3",0,210,0,0,0
"18","F","10","3",0,36,0,0,0
"25","F","4","3",0,83,0,0,0
"48","F","8","3",0,204,0,0,0
"51","F","5","3",0,287,0,0,0
"134","F","3","3",0,3,0,0,0
"195","F","2","3",0,21,0,0,0
"215","F","3","3",0,13,0,0,0
"307","F","1","3",0,121,0,0,0
"371","F","7","3",0,201,0,0,0
"389","F","2","3",0,163,0,0,0
"161","M","3","3",1,296,0.352240618085489,0.149267674241127,0
"5","M","6","3",1,157,0.967063152363942,0.36156524575199,1
"167","M","4","3",1,104,0.852060402497088,0.256284490053076,2
"292","M","2","3",1,11,0.635947741568089,0.235899907325733,0
"36","M","2","3",1,176,0.586076918523759,0.00501395888919619,0
"433","M","3","3",1,271,0.626232512528077,0.0702796021407454,1
"361","M","4","3",1,146,0.873955375714928,0.00813728597131558,0
"346","M","11","3",1,252,0.837732497531712,0.272561044972937,1
"97","M","2","3",1,240,0.800351991085336,0.0221680327231436,0
"225","M","4","3",1,50,0.96615799534896,0.303763744770549,3
"2","M","4","3",1,299,0.630437228644928,0.412993966252543,2
"138","M","5","3",1,91,0.869921732461979,0.221724134753458,2
"149","M","1","3",1,113,0.206750985700637,0.128319446519578,2
"222","M","5","3",1,105,0.560093422981228,0.107930626836605,0
"334","M","8","3",1,224,0.909203322371177,0.407609233447368,3
"441","M","4","3",1,140,0.916364593201256,0.457026371499524,2
"469","M","4","3",1,25,0.64081575358448,0.491038246778771,4
"21","M","3","3",0,198,0.279891507001594,0.160502920546365,0
"250","M","2","3",0,87,0.346055019646883,0.123629760931281,0
"199","M","5","3",0,177,0.455855973557655,0.2408175135497,0
"50","M","5","3",0,4,0.903647158912496,0.214553685160354,0
"119","M","3","3",0,1,0.708283161977306,0.0127426219448638,0
"143","M","2","3",0,141,0.427879407536238,0.0641360139356063,0
"178","M","3","3",0,2,0.0930980911944062,0.146353551941518,0
"273","M","1","3",0,208,0.150933003751561,0.190828604101743,0
"344","M","1","3",0,6,0.200603428995237,0.132038660130423,0
"479","M","5","3",0,300,0.300529459310993,0.175608785706572,0
"258","F","5","4",1,91,0,0,1
"331","F","3","4",1,252,0,0,2
"134","F","3","4",1,3,0,0,NA
"192","F","3","4",1,38,0,0,3
"63","F","4","4",1,282,0,0,1
"265","F","3","4",1,174,0,0,2
"295","F","6","4",1,111,0,0,0
"121","F","4","4",1,256,0,0,1
"244","F","7","4",1,173,0,0,4
"443","F","2","4",1,298,0,0,2
"461","F","9","4",1,177,0,0,2
"379","F","4","4",1,209,0,0,3
"389","F","2","4",1,134,0,0,2
"450","F","3","4",1,237,0,0,0
"79","F","2","4",1,164,0,0,2
"135","F","3","4",1,224,0,0,1
"304","F","5","4",1,93,0,0,2
"318","F","5","4",1,127,0,0,1
"366","F","2","4",1,168,0,0,1
"368","F","2","4",1,259,0,0,0
"382","F","2","4",1,87,0,0,2
"385","F","1","4",1,61,0,0,2
"446","F","3","4",1,95,0,0,4
"78","F","6","4",0,288,0,0,0
"436","F","6","4",0,158,0,0,0
"16","F","4","4",0,156,0,0,0
"206","F","7","4",0,26,0,0,0
"463","F","3","4",0,242,0,0,0
"73","F","6","4",0,210,0,0,0
"18","F","10","4",0,36,0,0,0
"48","F","8","4",0,204,0,0,0
"195","F","2","4",0,21,0,0,0
"371","F","7","4",0,201,0,0,0
"29","F","3","4",0,143,0,0,0
"269","F","16","4",0,283,0,0,0
"327","F","7","4",0,39,0,0,0
"405","F","7","4",0,165,0,0,0
"483","F","7","4",0,182,0,0,0
"370","F","5","4",0,281,0,0,0
"25","F","4","4",0,166,0,0,0
"51","F","5","4",0,247,0,0,0
"215","F","3","4",0,214,0,0,0
"496","F","12","4",0,289,0,0,0
"17","F","1","4",0,40,0,0,0
"93","F","1","4",0,234,0,0,0
"158","F","6","4",0,63,0,0,0
"166","F","2","4",0,229,0,0,0
"213","F","3","4",0,124,0,0,0
"243","F","9","4",0,114,0,0,0
"348","F","1","4",0,96,0,0,0
"440","F","3","4",0,265,0,0,0
"138","M","5","4",1,91,0.869921732461979,0.166293101065094,1
"167","M","4","4",1,174,0.852060402497088,0.192213367539807,2
"2","M","4","4",1,224,0.630437228644928,0.309745474689407,1
"222","M","5","4",1,127,0.560093422981228,0.080947970127454,1
"441","M","4","4",1,168,0.916364593201256,0.342769778624643,1
"469","M","4","4",1,111,0.64081575358448,0.368278685084078,0
"50","M","5","4",1,61,0.903647158912496,0.160915263870265,2
"144","M","4","4",1,164,0.800632577674361,0.567309077305253,2
"287","M","6","4",1,87,0.88240911100324,0.296549896651413,2
"353","M","3","4",1,210,0.201949279056862,0.0433118850012676,0
"356","M","4","4",1,173,0.979889097422068,0.738170058466494,4
"300","M","4","4",1,256,0.948022450918477,0.527408010035287,1
"119","M","3","4",0,1,0.708283161977306,0.00955696645864782,0
"433","M","3","4",0,84,0.626232512528077,0.052709701605559,0
"21","M","3","4",0,245,0.279891507001594,0.120377190409774,0
"178","M","3","4",0,150,0.0930980911944062,0.109765163956138,0
"156","M","4","4",0,227,0.844097902848403,0.471555135387462,0
"468","M","4","4",0,215,0.753381564645418,0.593795094173401,0
"203","M","4","4",0,293,0.753533586092147,0.589203954208642,0
"217","M","3","4",0,14,0.0389303350821137,0.00312404378788299,0
"47","M","1","4",0,170,0.409473469480872,0.128799434312885,0
"170","M","3","4",0,284,0.240283034741879,0.0747214719584693,0
"270","M","6","4",0,60,0.759636653118226,0.472842803865205,0
"308","M","2","4",0,45,0.518024044809863,0.173284099699088,0
"367","M","10","4",0,248,0.915904411517282,0.597896676174643,0
"425","M","1","4",0,279,0.393105488969013,0.0208851258187638,0
"497","M","1","4",0,187,0.00669168471358716,0.228288368918763,0
"295","F","6","5",1,111,0,0,2
"121","F","4","5",1,256,0,0,1
"135","F","3","5",1,224,0,0,1
"366","F","2","5",1,168,0,0,0
"382","F","2","5",1,87,0,0,2
"496","F","12","5",1,289,0,0,NA
"258","F","5","5",1,38,0,0,4
"244","F","7","5",1,270,0,0,2
"461","F","9","5",1,296,0,0,0
"450","F","3","5",1,8,0,0,4
"79","F","2","5",1,241,0,0,2
"368","F","2","5",1,121,0,0,1
"446","F","3","5",1,231,0,0,0
"78","F","6","5",1,113,0,0,1
"436","F","6","5",1,268,0,0,0
"51","F","5","5",1,235,0,0,0
"11","F","3","5",1,288,0,0,3
"164","F","5","5",1,286,0,0,4
"177","F","1","5",1,254,0,0,3
"219","F","4","5",1,179,0,0,0
"254","F","6","5",1,6,0,0,4
"279","F","7","5",1,221,0,0,0
"473","F","2","5",1,154,0,0,1
"16","F","4","5",0,156,0,0,0
"206","F","7","5",0,26,0,0,0
"73","F","6","5",0,210,0,0,0
"18","F","10","5",0,36,0,0,0
"269","F","16","5",0,283,0,0,0
"483","F","7","5",0,182,0,0,0
"370","F","5","5",0,281,0,0,0
"25","F","4","5",0,166,0,0,0
"158","F","6","5",0,63,0,0,0
"213","F","3","5",0,124,0,0,0
"243","F","9","5",0,114,0,0,0
"440","F","3","5",0,265,0,0,0
"134","F","3","5",0,173,0,0,0
"379","F","4","5",0,269,0,0,0
"304","F","5","5",0,60,0,0,0
"318","F","5","5",0,1,0,0,0
"327","F","7","5",0,188,0,0,0
"166","F","2","5",0,245,0,0,0
"22","F","5","5",0,10,0,0,0
"157","F","5","5",0,158,0,0,0
"259","F","7","5",0,61,0,0,0
"320","F","3","5",0,86,0,0,0
"462","F","3","5",0,260,0,0,0
"2","M","4","5",1,224,0.630437228644928,0.309745474689407,1
"441","M","4","5",1,168,0.916364593201256,0.342769778624643,0
"469","M","4","5",1,111,0.64081575358448,0.368278685084078,2
"287","M","6","5",1,87,0.88240911100324,0.296549896651413,2
"300","M","4","5",1,256,0.948022450918477,0.527408010035287,1
"167","M","4","5",1,254,0.852060402497088,0.192213367539807,3
"356","M","4","5",1,8,0.979889097422068,0.738170058466494,4
"119","M","3","5",1,179,0.708283161977306,0.00955696645864782,0
"178","M","3","5",1,214,0.0930980911944062,0.109765163956138,0
"321","M","6","5",1,125,0.91747419355765,0.867187942611054,3
"37","M","5","5",1,6,0.867802975644243,0.994610649300739,4
"64","M","1","5",1,205,0.929429411888123,0.185298829340852,0
"70","M","1","5",1,221,0.886714071501046,0.158248661683893,0
"210","M","3","5",1,241,0.955216654576361,0.407498998753696,2
"264","M","1","5",1,268,0.369078965624794,0.108618844878666,0
"306","M","1","5",1,270,0.828594042453915,0.327315129170323,2
"319","M","3","5",1,288,0.275894957827404,0.763505726135645,3
"330","M","2","5",1,231,0.500872389879078,0.447975267385475,0
"138","M","5","5",0,263,0.869921732461979,0.166293101065094,0
"222","M","5","5",0,191,0.560093422981228,0.080947970127454,0
"50","M","5","5",0,50,0.903647158912496,0.160915263870265,0
"203","M","4","5",0,19,0.753533586092147,0.589203954208642,0
"217","M","3","5",0,238,0.0389303350821137,0.00312404378788299,0
"170","M","3","5",0,197,0.240283034741879,0.0747214719584693,0
"367","M","10","5",0,208,0.915904411517282,0.597896676174643,0
"199","M","5","5",0,134,0.455855973557655,0.481635027099401,0
"346","M","11","5",0,15,0.837732497531712,0.545122089945873,0
"154","M","10","5",0,117,0.996307754196004,0.662377275098643,0
"225","M","4","5",0,28,0.96615799534896,0.607527489541098,0
"334","M","8","5",0,249,0.909203322371177,0.815218466894736,0
"145","M","8","5",0,82,0.992191876240687,0.781537000211209,0
"152","M","2","5",0,215,0.088950589299202,0.228024765328083,0
"476","M","3","5",0,89,0.329599322285503,0.240820714885256,0
"94","M","1","5",0,192,0.304025770863518,0.371652779807809,0
"205","M","2","5",0,7,0.459755936637521,0.447601139311974,0
"296","M","1","5",0,163,0.464894020231441,0.114925761361761,0
"305","M","3","5",0,177,0.662479541730136,0.388444494126801,0
"295","F","6","6",1,111,0,0,0
"121","F","4","6",1,256,0,0,1
"254","F","6","6",1,6,0,0,4
"483","F","7","6",1,182,0,0,NA
"496","F","12","6",1,174,0,0,0
"258","F","5","6",1,115,0,0,0
"244","F","7","6",1,109,0,0,3
"461","F","9","6",1,208,0,0,2
"436","F","6","6",1,215,0,0,0
"51","F","5","6",1,277,0,0,0
"11","F","3","6",1,230,0,0,2
"164","F","5","6",1,227,0,0,2
"219","F","4","6",1,193,0,0,3
"157","F","5","6",1,191,0,0,0
"48","F","8","6",1,179,0,0,0
"371","F","7","6",1,180,0,0,1
"405","F","7","6",1,152,0,0,0
"15","F","2","6",1,205,0,0,4
"41","F","6","6",1,108,0,0,0
"100","F","2","6",1,298,0,0,2
"110","F","2","6",1,20,0,0,0
"176","F","4","6",1,198,0,0,0
"211","F","1","6",1,145,0,0,1
"268","F","4","6",1,293,0,0,2
"278","F","4","6",1,257,0,0,1
"313","F","1","6",1,284,0,0,4
"369","F","6","6",1,159,0,0,1
"376","F","1","6",1,294,0,0,0
"391","F","1","6",1,15,0,0,3
"393","F","3","6",1,234,0,0,4
"394","F","2","6",1,275,0,0,1
"409","F","3","6",1,254,0,0,2
"453","F","4","6",1,170,0,0,0
"206","F","7","6",0,26,0,0,0
"18","F","10","6",0,36,0,0,0
"269","F","16","6",0,283,0,0,0
"158","F","6","6",0,63,0,0,0
"213","F","3","6",0,124,0,0,0
"243","F","9","6",0,114,0,0,0
"304","F","5","6",0,60,0,0,0
"318","F","5","6",0,1,0,0,0
"327","F","7","6",0,188,0,0,0
"259","F","7","6",0,61,0,0,0
"320","F","3","6",0,86,0,0,0
"462","F","3","6",0,260,0,0,0
"135","F","3","6",0,199,0,0,0
"446","F","3","6",0,128,0,0,0
"78","F","6","6",0,280,0,0,0
"279","F","7","6",0,148,0,0,0
"473","F","2","6",0,98,0,0,0
"25","F","4","6",0,164,0,0,0
"39","F","7","6",0,138,0,0,0
"59","F","2","6",0,175,0,0,0
"337","F","4","6",0,276,0,0,0
"424","F","2","6",0,251,0,0,0
"469","M","4","6",1,111,0.64081575358448,0.276209013813059,0
"300","M","4","6",1,256,0.948022450918477,0.395556007526466,1
"37","M","5","6",1,6,0.867802975644243,0.745957986975554,4
"222","M","5","6",1,191,0.560093422981228,0.0607109775955905,0
"367","M","10","6",1,208,0.915904411517282,0.448422507130982,2
"441","M","4","6",1,230,0.916364593201256,0.257077333968482,2
"287","M","6","6",1,170,0.88240911100324,0.22241242248856,0
"330","M","2","6",1,85,0.500872389879078,0.335981450539106,1
"138","M","5","6",1,198,0.869921732461979,0.12471982579882,0
"203","M","4","6",1,293,0.753533586092147,0.441902965656482,2
"154","M","10","6",1,227,0.996307754196004,0.496782956323983,2
"479","M","5","6",1,109,0.300529459310993,0.263413178559858,3
"76","M","5","6",1,180,0.800275135783211,0.123415565409232,1
"116","M","4","6",1,294,0.81998223638988,0.00416135072009638,0
"204","M","2","6",1,179,0.536504414863884,0.146080235722972,0
"90","M","1","6",1,20,0.729993503075093,0.240173959197939,0
"111","M","3","6",1,124,0.0216351640410721,0.33180318339179,0
"314","M","1","6",1,152,0.97036712593399,0.0529184771730681,0
"352","M","12","6",1,275,0.900500018885609,0.638894037008143,1
"480","M","2","6",1,159,0.497469689929858,0.295874416381361,1
"499","M","4","6",1,215,0.986084661777128,0.215090002049692,0
"50","M","5","6",0,50,0.903647158912496,0.120686447902699,0
"205","M","2","6",0,7,0.459755936637521,0.335700854483981,0
"170","M","3","6",0,77,0.240283034741879,0.056041103968852,0
"334","M","8","6",0,125,0.909203322371177,0.611413850171052,0
"145","M","8","6",0,126,0.992191876240687,0.586152750158407,0
"5","M","6","6",0,18,0.967063152363942,0.72313049150398,0
"421","M","6","6",0,106,0.769927590586858,0.710311193426605,0
"432","M","4","6",0,38,0.502785047745636,0.570387227169704,0
"162","M","9","6",0,4,0.536271426030384,0.307166881856789,0
"333","M","4","6",0,117,0.669584157354364,0.695225346309599,0
"68","M","2","6",0,5,0.138418874004856,0.0182820872653282,0
"91","M","3","6",0,37,0.057199781993404,0.131541951303259,0
"104","M","1","6",0,299,0.121827045921236,0.0875346249128554,0
"208","M","1","6",0,161,0.809778676833957,0.165715990268854,0
"310","M","1","6",0,273,0.0912741629872471,0.128224718964428,0
"357","M","4","6",0,101,0.952082450461606,0.51624276250368,0
"486","M","5","6",0,23,0.369013109606168,0.0549100205535069,0
"461","F","9","7",1,208,0,0,0
"164","F","5","7",1,227,0,0,2
"176","F","4","7",1,198,0,0,1
"369","F","6","7",1,159,0,0,1
"158","F","6","7",1,63,0,0,NA
"320","F","3","7",1,86,0,0,NA
"279","F","7","7",1,148,0,0,NA
"424","F","2","7",1,251,0,0,NA
"157","F","5","7",1,266,0,0,0
"496","F","12","7",1,228,0,0,2
"244","F","7","7",1,125,0,0,0
"51","F","5","7",1,191,0,0,1
"11","F","3","7",1,91,0,0,0
"219","F","4","7",1,32,0,0,1
"48","F","8","7",1,221,0,0,0
"371","F","7","7",1,209,0,0,1
"405","F","7","7",1,117,0,0,2
"100","F","2","7",1,130,0,0,0
"268","F","4","7",1,271,0,0,0
"393","F","3","7",1,101,0,0,2
"394","F","2","7",1,52,0,0,2
"453","F","4","7",1,252,0,0,0
"269","F","16","7",1,217,0,0,2
"462","F","3","7",1,106,0,0,3
"165","F","6","7",1,280,0,0,0
"14","F","2","7",1,283,0,0,1
"52","F","1","7",1,249,0,0,0
"89","F","1","7",1,163,0,0,0
"124","F","5","7",1,169,0,0,1
"193","F","2","7",1,46,0,0,2
"390","F","2","7",1,293,0,0,1
"460","F","2","7",1,132,0,0,0
"206","F","7","7",0,26,0,0,0
"18","F","10","7",0,36,0,0,0
"243","F","9","7",0,114,0,0,0
"318","F","5","7",0,1,0,0,0
"259","F","7","7",0,61,0,0,0
"39","F","7","7",0,138,0,0,0
"59","F","2","7",0,175,0,0,0
"337","F","4","7",0,276,0,0,0
"483","F","7","7",0,119,0,0,0
"15","F","2","7",0,173,0,0,0
"41","F","6","7",0,151,0,0,0
"110","F","2","7",0,60,0,0,0
"278","F","4","7",0,39,0,0,0
"304","F","5","7",0,22,0,0,0
"73","F","6","7",0,6,0,0,0
"85","F","1","7",0,51,0,0,0
"95","F","4","7",0,93,0,0,0
"180","F","8","7",0,294,0,0,0
"223","F","4","7",0,166,0,0,0
"262","F","2","7",0,186,0,0,0
"475","F","5","7",0,194,0,0,0
"480","M","2","7",1,159,0.497469689929858,0.147937208190681,1
"421","M","6","7",1,106,0.769927590586858,0.355155596713303,3
"333","M","4","7",1,117,0.669584157354364,0.347612673154799,2
"300","M","4","7",1,191,0.948022450918477,0.197778003763233,1
"76","M","5","7",1,276,0.800275135783211,0.061707782704616,0
"116","M","4","7",1,221,0.81998223638988,0.00208067536004819,0
"352","M","12","7",1,120,0.900500018885609,0.319447018504071,1
"50","M","5","7",1,271,0.903647158912496,0.0603432239513495,0
"162","M","9","7",1,32,0.536271426030384,0.153583440928395,1
"346","M","11","7",1,293,0.837732497531712,0.272561044972937,1
"270","M","6","7",1,36,0.759636653118226,0.315228535910137,1
"107","M","4","7",1,218,0.642327354309945,0.13782243791502,0
"117","M","5","7",1,52,0.618300462734594,0.273323463974521,2
"210","M","3","7",1,178,0.955216654576361,0.203749499376848,1
"305","M","3","7",1,91,0.662479541730136,0.194222247063401,0
"67","M","4","7",1,209,0.922661768275863,0.433147558360361,1
"150","M","3","7",1,101,0.693766857963055,0.136695940052535,2
"35","M","3","7",1,228,0.539954185020179,0.252179417742479,2
"131","M","2","7",1,163,0.73634871491231,0.00373012311483081,0
"226","M","2","7",1,138,0.558538608485833,0.345275475764664,0
"280","M","6","7",1,217,0.981216520147466,0.378639561473392,2
"417","M","1","7",1,130,0.644807363394648,0.0660096959641075,0
"484","M","1","7",1,169,0.584516464732587,0.00954214984860892,1
"432","M","4","7",0,38,0.502785047745636,0.285193613584852,0
"37","M","5","7",0,300,0.867802975644243,0.372978993487777,0
"111","M","3","7",0,177,0.0216351640410721,0.165901591695895,0
"499","M","4","7",0,50,0.986084661777128,0.107545001024846,0
"145","M","8","7",0,88,0.992191876240687,0.293076375079203,0
"68","M","2","7",0,162,0.138418874004856,0.00914104363266408,0
"486","M","5","7",0,77,0.369013109606168,0.0274550102767535,0
"415","M","10","7",0,220,0.996529085615689,0.468287787301295,0
"311","M","3","7",0,168,0.202343133976683,0.0436553912977615,0
"373","M","3","7",0,224,0.00928128766827285,0.0195869844931234,0
"46","M","1","7",0,223,0.310223317239434,0.183785612135478,0
"55","M","2","7",0,121,0.0321831870824099,0.118930821277107,0
"77","M","8","7",0,278,0.840696952683418,0.14681737560462,0
"340","M","4","7",0,72,0.525025006251827,0.00380523689091206,0
"342","M","3","7",0,211,0.786128884879872,0.172379839591722,0
"397","M","7","7",0,123,0.52849336875129,0.229639646410046,0
"456","M","1","7",0,65,0.00611571734771132,0.127060901528078,0
"371","F","7","8",1,209,0,0,1
"393","F","3","8",1,101,0,0,0
"278","F","4","8",1,39,0,0,NA
"496","F","12","8",1,33,0,0,0
"48","F","8","8",1,57,0,0,0
"269","F","16","8",1,189,0,0,0
"461","F","9","8",1,278,0,0,0
"164","F","5","8",1,139,0,0,0
"176","F","4","8",1,272,0,0,0
"369","F","6","8",1,123,0,0,1
"157","F","5","8",1,290,0,0,3
"165","F","6","8",1,300,0,0,2
"14","F","2","8",1,152,0,0,2
"124","F","5","8",1,52,0,0,1
"193","F","2","8",1,134,0,0,0
"262","F","2","8",1,264,0,0,0
"327","F","7","8",1,197,0,0,1
"409","F","3","8",1,287,0,0,1
"32","F","6","8",1,143,0,0,1
"62","F","1","8",1,211,0,0,1
"81","F","2","8",1,7,0,0,1
"256","F","3","8",1,66,0,0,1
"316","F","1","8",1,186,0,0,2
"395","F","6","8",1,135,0,0,4
"487","F","4","8",1,224,0,0,1
"206","F","7","8",0,26,0,0,0
"18","F","10","8",0,36,0,0,0
"243","F","9","8",0,114,0,0,0
"318","F","5","8",0,1,0,0,0
"259","F","7","8",0,61,0,0,0
"337","F","4","8",0,276,0,0,0
"483","F","7","8",0,119,0,0,0
"41","F","6","8",0,151,0,0,0
"304","F","5","8",0,22,0,0,0
"95","F","4","8",0,93,0,0,0
"180","F","8","8",0,294,0,0,0
"223","F","4","8",0,166,0,0,0
"475","F","5","8",0,194,0,0,0
"158","F","6","8",0,121,0,0,0
"279","F","7","8",0,256,0,0,0
"244","F","7","8",0,206,0,0,0
"219","F","4","8",0,111,0,0,0
"405","F","7","8",0,273,0,0,0
"268","F","4","8",0,80,0,0,0
"453","F","4","8",0,133,0,0,0
"390","F","2","8",0,229,0,0,0
"460","F","2","8",0,42,0,0,0
"254","F","6","8",0,202,0,0,0
"34","F","2","8",0,130,0,0,0
"375","F","6","8",0,285,0,0,0
"454","F","4","8",0,174,0,0,0
"45","F","1","8",0,35,0,0,0
"65","F","1","8",0,165,0,0,0
"115","F","2","8",0,5,0,0,0
"372","F","7","8",0,253,0,0,0
"430","F","1","8",0,110,0,0,0
"67","M","4","8",1,209,0.922661768275863,0.32486066877027,1
"37","M","5","8",1,300,0.867802975644243,0.279734245115833,2
"342","M","3","8",1,211,0.786128884879872,0.129284879693792,1
"397","M","7","8",1,123,0.52849336875129,0.172229734807535,1
"116","M","4","8",1,57,0.81998223638988,0.00156050652003614,0
"352","M","12","8",1,197,0.900500018885609,0.239585263878053,1
"162","M","9","8",1,7,0.536271426030384,0.115187580696296,1
"346","M","11","8",1,287,0.837732497531712,0.204420783729702,1
"270","M","6","8",1,272,0.759636653118226,0.236421401932603,0
"226","M","2","8",1,66,0.558538608485833,0.258956606823498,1
"499","M","4","8",1,139,0.986084661777128,0.0806587507686345,0
"145","M","8","8",1,264,0.992191876240687,0.219807281309403,0
"154","M","10","8",1,135,0.996307754196004,0.496782956323982,4
"357","M","4","8",1,290,0.952082450461606,0.51624276250368,3
"335","M","4","8",1,224,0.848202141056163,0.256304872746114,1
"24","M","7","8",1,138,0.749143333645722,0.606335640046369,2
"378","M","5","8",1,186,0.986106083456026,0.551572467258666,2
"486","M","5","8",0,77,0.369013109606168,0.0205912577075651,0
"107","M","4","8",0,289,0.642327354309945,0.103366828436265,0
"117","M","5","8",0,187,0.618300462734594,0.20499259798089,0
"111","M","3","8",0,3,0.0216351640410721,0.124426193771921,0
"373","M","3","8",0,236,0.00928128766827285,0.0146902383698426,0
"55","M","2","8",0,157,0.0321831870824099,0.0891981159578303,0
"340","M","4","8",0,259,0.525025006251827,0.00285392766818404,0
"321","M","6","8",0,156,0.91747419355765,0.65039095695829,0
"91","M","3","8",0,208,0.057199781993404,0.131541951303259,0
"245","M","2","8",0,237,0.193162745796144,0.0907484263669,0
"418","M","8","8",0,27,0.945789995678182,0.714444973362632,0
"13","M","9","8",0,153,0.695743280961322,0.672090085951898,0
"20","M","1","8",0,234,0.811962121166289,0.46481287398511,0
"82","M","1","8",0,180,0.771426409250125,0.322357379032826,0
"198","M","1","8",0,9,0.668152888771147,0.627748660978154,0
"224","M","1","8",0,54,0.257204921916127,0.187192309217248,0
"246","M","4","8",0,212,0.753385706730272,0.650175758928526,0
"271","M","1","8",0,12,0.235808779252693,0.0438490978072351,0
"365","M","6","8",0,74,0.894165416082915,0.435960872622672,0
"491","M","3","8",0,269,0.44731444818899,0.200407130103964,0
"371","F","7","9",1,209,0,0,3
"176","F","4","9",1,272,0,0,1
"369","F","6","9",1,123,0,0,0
"327","F","7","9",1,197,0,0,0
"487","F","4","9",1,224,0,0,2
"337","F","4","9",1,276,0,0,NA
"180","F","8","9",1,294,0,0,4
"454","F","4","9",1,174,0,0,NA
"165","F","6","9",1,141,0,0,0
"81","F","2","9",1,177,0,0,1
"278","F","4","9",1,143,0,0,2
"496","F","12","9",1,137,0,0,0
"48","F","8","9",1,76,0,0,2
"269","F","16","9",1,62,0,0,1
"461","F","9","9",1,144,0,0,1
"157","F","5","9",1,176,0,0,0
"256","F","3","9",1,222,0,0,3
"395","F","6","9",1,41,0,0,2
"259","F","7","9",1,269,0,0,0
"372","F","7","9",1,205,0,0,2
"39","F","7","9",1,282,0,0,2
"109","F","2","9",1,227,0,0,4
"163","F","5","9",1,213,0,0,3
"196","F","1","9",1,236,0,0,0
"201","F","1","9",1,142,0,0,4
"227","F","6","9",1,118,0,0,1
"290","F","4","9",1,51,0,0,2
"315","F","1","9",1,139,0,0,1
"448","F","7","9",1,298,0,0,2
"478","F","7","9",1,116,0,0,1
"18","F","10","9",0,36,0,0,0
"483","F","7","9",0,119,0,0,0
"41","F","6","9",0,151,0,0,0
"95","F","4","9",0,93,0,0,0
"223","F","4","9",0,166,0,0,0
"475","F","5","9",0,194,0,0,0
"158","F","6","9",0,121,0,0,0
"279","F","7","9",0,256,0,0,0
"244","F","7","9",0,206,0,0,0
"405","F","7","9",0,273,0,0,0
"268","F","4","9",0,80,0,0,0
"453","F","4","9",0,133,0,0,0
"375","F","6","9",0,285,0,0,0
"164","F","5","9",0,27,0,0,0
"243","F","9","9",0,129,0,0,0
"115","F","2","9",0,26,0,0,0
"71","F","7","9",0,101,0,0,0
"99","F","1","9",0,122,0,0,0
"216","F","5","9",0,125,0,0,0
"67","M","4","9",1,209,0.922661768275863,0.32486066877027,3
"352","M","12","9",1,197,0.900500018885609,0.239585263878053,0
"270","M","6","9",1,272,0.759636653118226,0.236421401932603,1
"491","M","3","9",1,269,0.44731444818899,0.200407130103964,0
"162","M","9","9",1,177,0.536271426030384,0.115187580696296,1
"342","M","3","9",1,116,0.786128884879872,0.129284879693792,1
"357","M","4","9",1,144,0.952082450461606,0.51624276250368,1
"24","M","7","9",1,62,0.749143333645722,0.606335640046369,1
"321","M","6","9",1,142,0.91747419355765,0.65039095695829,4
"418","M","8","9",1,298,0.945789995678182,0.714444973362632,2
"246","M","4","9",1,213,0.753385706730272,0.650175758928526,3
"415","M","10","9",1,294,0.996529085615689,0.936575574602589,4
"35","M","3","9",1,76,0.539954185020179,0.504358835484959,2
"77","M","8","9",1,44,0.840696952683418,0.29363475120924,2
"168","M","4","9",1,227,0.963719621071374,0.744568675523624,4
"336","M","7","9",1,51,0.835085812309612,0.341729453223079,2
"151","M","4","9",1,222,0.899901787877187,0.856459611561149,3
"218","M","1","9",1,263,0.919927309034392,0.221438267917477,1
"289","M","1","9",1,41,0.541580847930163,0.35421859094516,2
"297","M","2","9",1,236,0.230709976749495,0.0357948464555399,0
"346","M","11","9",0,262,0.837732497531712,0.204420783729702,0
"340","M","4","9",0,155,0.525025006251827,0.00285392766818404,0
"334","M","8","9",0,48,0.909203322371177,0.815218466894736,0
"367","M","10","9",0,71,0.915904411517282,0.797195568232858,0
"1","M","2","9",0,64,0.199077395489439,0.0823883630442347,0
"411","M","12","9",0,216,0.849323903436213,0.64314277406343,0
"451","M","2","9",0,75,0.232051139930263,0.331325700438218,0
"485","M","2","9",0,261,0.815406632842496,0.264886407227773,0
"452","M","3","9",0,225,0.930904464796185,0.0338850567801411,0
"259","F","7","10",1,269,0,0,1
"18","F","10","10",1,36,0,0,2
"216","F","5","10",1,125,0,0,NA
"256","F","3","10",1,179,0,0,3
"487","F","4","10",1,96,0,0,0
"180","F","8","10",1,174,0,0,0
"454","F","4","10",1,97,0,0,2
"165","F","6","10",1,131,0,0,2
"496","F","12","10",1,106,0,0,1
"395","F","6","10",1,75,0,0,1
"372","F","7","10",1,258,0,0,4
"39","F","7","10",1,162,0,0,3
"109","F","2","10",1,51,0,0,1
"227","F","6","10",1,71,0,0,1
"290","F","4","10",1,3,0,0,0
"448","F","7","10",1,100,0,0,0
"478","F","7","10",1,30,0,0,1
"254","F","6","10",1,246,0,0,1
"124","F","5","10",1,232,0,0,0
"98","F","7","10",1,235,0,0,2
"137","F","5","10",1,34,0,0,2
"54","F","2","10",1,48,0,0,3
"87","F","1","10",1,1,0,0,1
"146","F","2","10",1,189,0,0,0
"95","F","4","10",0,93,0,0,0
"223","F","4","10",0,166,0,0,0
"475","F","5","10",0,194,0,0,0
"375","F","6","10",0,285,0,0,0
"71","F","7","10",0,101,0,0,0
"369","F","6","10",0,214,0,0,0
"48","F","8","10",0,278,0,0,0
"163","F","5","10",0,142,0,0,0
"41","F","6","10",0,94,0,0,0
"255","F","1","10",0,289,0,0,0
"347","F","7","10",0,176,0,0,0
"491","M","3","10",1,269,0.44731444818899,0.150305347577973,1
"334","M","8","10",1,48,0.909203322371177,0.611413850171052,3
"367","M","10","10",1,71,0.915904411517282,0.597896676174643,1
"151","M","4","10",1,179,0.899901787877187,0.642344708670862,3
"352","M","12","10",1,3,0.900500018885609,0.17968894790854,0
"415","M","10","10",1,34,0.996529085615689,0.702431680951942,2
"77","M","8","10",1,235,0.840696952683418,0.22022606340693,2
"297","M","2","10",1,100,0.230709976749495,0.0268461348416549,0
"154","M","10","10",1,131,0.996307754196004,0.496782956323983,2
"145","M","8","10",1,36,0.992191876240687,0.586152750158407,2
"280","M","6","10",1,174,0.981216520147466,0.567959342210088,0
"335","M","4","10",1,75,0.848202141056163,0.256304872746114,1
"378","M","5","10",1,97,0.986106083456026,0.551572467258666,2
"28","M","7","10",1,285,0.974461114216537,0.640164449884003,4
"72","M","4","10",1,1,0.687994875202519,0.223616832867265,1
"148","M","4","10",1,96,0.971035846355463,0.0755486249690876,0
"194","M","1","10",1,258,0.116135520162061,0.527695798135165,4
"495","M","6","10",1,106,0.85775691162053,0.32144130114466,1
"346","M","11","10",0,262,0.837732497531712,0.153315587797277,0
"340","M","4","10",0,155,0.525025006251827,0.00214044575113803,0
"411","M","12","10",0,216,0.849323903436213,0.482357080547573,0
"24","M","7","10",0,183,0.749143333645722,0.454751730034777,0
"246","M","4","10",0,143,0.753385706730272,0.487631819196395,0
"336","M","7","10",0,163,0.835085812309612,0.256297089917309,0
"486","M","5","10",0,65,0.369013109606168,0.0549100205535069,0
"397","M","7","10",0,201,0.52849336875129,0.344459469615069,0
"13","M","9","10",0,43,0.695743280961322,0.672090085951898,0
"40","M","4","10",0,11,0.623523057069218,0.441623443504795,0
"355","M","2","10",0,72,0.716841546818614,0.0698866989739732,0
"358","M","4","10",0,124,0.539203175723946,0.640509680262767,0
"30","M","1","10",0,291,0.786251004086807,0.213895236730719,0
"43","M","1","10",0,46,0.339893378317356,0.0805293856955561,0
"139","M","8","10",0,200,0.906152649132704,0.688553160182673,0
"160","M","2","10",0,84,0.182118829106912,0.122353090654171,0
"197","M","4","10",0,206,0.679611931547807,0.222136203723494,0
"257","M","1","10",0,105,0.20596583862789,0.519565136870824,0
"413","M","4","10",0,99,0.40731451072207,0.201764140336309,0
"487","F","4","11",1,96,0,0,0
"496","F","12","11",1,106,0,0,0
"227","F","6","11",1,71,0,0,4
"98","F","7","11",1,235,0,0,1
"137","F","5","11",1,34,0,0,2
"163","F","5","11",1,142,0,0,NA
"18","F","10","11",1,226,0,0,2
"290","F","4","11",1,212,0,0,1
"216","F","5","11",1,298,0,0,1
"180","F","8","11",1,219,0,0,2
"395","F","6","11",1,143,0,0,2
"372","F","7","11",1,201,0,0,0
"39","F","7","11",1,166,0,0,1
"448","F","7","11",1,14,0,0,1
"478","F","7","11",1,206,0,0,0
"124","F","5","11",1,38,0,0,1
"54","F","2","11",1,272,0,0,0
"146","F","2","11",1,149,0,0,0
"375","F","6","11",1,125,0,0,2
"71","F","7","11",1,265,0,0,1
"269","F","16","11",1,44,0,0,1
"279","F","7","11",1,148,0,0,2
"32","F","6","11",1,193,0,0,1
"23","F","3","11",1,168,0,0,2
"133","F","3","11",1,157,0,0,0
"200","F","1","11",1,81,0,0,0
"209","F","2","11",1,147,0,0,0
"214","F","4","11",1,276,0,0,2
"326","F","1","11",1,174,0,0,2
"329","F","2","11",1,73,0,0,2
"380","F","11","11",1,27,0,0,1
"386","F","1","11",1,134,0,0,1
"475","F","5","11",0,194,0,0,0
"369","F","6","11",0,214,0,0,0
"41","F","6","11",0,94,0,0,0
"347","F","7","11",0,176,0,0,0
"259","F","7","11",0,191,0,0,0
"165","F","6","11",0,58,0,0,0
"243","F","9","11",0,248,0,0,0
"10","F","1","11",0,244,0,0,0
"66","F","2","11",0,75,0,0,0
"181","F","1","11",0,198,0,0,0
"458","F","1","11",0,297,0,0,0
"415","M","10","11",1,34,0.996529085615689,0.351215840475971,2
"148","M","4","11",1,96,0.971035846355463,0.0377743124845438,0
"495","M","6","11",1,106,0.85775691162053,0.16072065057233,0
"246","M","4","11",1,143,0.753385706730272,0.243815909598197,2
"397","M","7","11",1,201,0.52849336875129,0.172229734807535,0
"352","M","12","11",1,212,0.900500018885609,0.08984447395427,1
"151","M","4","11",1,265,0.899901787877187,0.321172354335431,1
"28","M","7","11",1,147,0.974461114216537,0.320082224942002,0
"72","M","4","11",1,206,0.687994875202519,0.111808416433632,0
"40","M","4","11",1,272,0.623523057069218,0.220811721752398,0
"197","M","4","11",1,81,0.679611931547807,0.111068101861747,0
"418","M","8","11",1,44,0.945789995678182,0.476296648908421,1
"168","M","4","11",1,166,0.963719621071374,0.372284337761812,1
"365","M","6","11",1,276,0.894165416082915,0.290640581748448,2
"179","M","3","11",1,298,0.447146999184042,0.0841348706874035,1
"187","M","3","11",1,176,0.397781969280913,0.0124723663871856,0
"351","M","5","11",1,174,0.973882248771533,0.254481535986997,2
"26","M","4","11",1,38,0.939641095419344,0.232864844845608,1
"190","M","6","11",1,193,0.870081115871144,0.208949577412568,1
"283","M","5","11",1,125,0.41270432587736,0.395854212110862,2
"323","M","4","11",1,168,0.92142113746539,0.384627438732423,2
"420","M","2","11",1,148,0.815047088777646,0.284399714121971,2
"493","M","5","11",1,73,0.550016983914164,0.464663760969415,2
"346","M","11","11",0,262,0.837732497531712,0.0766577938986384,0
"139","M","8","11",0,200,0.906152649132704,0.344276580091337,0
"160","M","2","11",0,84,0.182118829106912,0.0611765453270853,0
"280","M","6","11",0,205,0.981216520147466,0.283979671105044,0
"378","M","5","11",0,141,0.986106083456026,0.275786233629333,0
"413","M","4","11",0,126,0.40731451072207,0.100882070168154,0
"162","M","9","11",0,116,0.536271426030384,0.20477792123786,0
"312","M","3","11",0,79,0.421233460539952,0.284275063408745,0
"272","M","2","11",0,247,0.216019829967991,0.00840942099339012,0
"83","M","6","11",0,145,0.538916268375552,0.302498553297482,0
"399","M","1","11",0,223,0.244280808139592,0.190610779802019,0
"216","F","5","12",1,298,0,0,0
"478","F","7","12",1,206,0,0,0
"71","F","7","12",1,265,0,0,0
"329","F","2","12",1,73,0,0,2
"269","F","16","12",1,5,0,0,3
"23","F","3","12",1,189,0,0,1
"227","F","6","12",1,119,0,0,1
"98","F","7","12",1,136,0,0,2
"137","F","5","12",1,133,0,0,0
"163","F","5","12",1,125,0,0,3
"18","F","10","12",1,200,0,0,0
"180","F","8","12",1,1,0,0,0
"395","F","6","12",1,205,0,0,2
"372","F","7","12",1,116,0,0,3
"448","F","7","12",1,12,0,0,3
"133","F","3","12",1,182,0,0,0
"128","F","7","12",1,227,0,0,0
"220","F","2","12",1,101,0,0,0
"267","F","2","12",1,100,0,0,2
"338","F","1","12",1,30,0,0,1
"381","F","3","12",1,38,0,0,2
"387","F","4","12",1,173,0,0,1
"434","F","7","12",1,253,0,0,1
"467","F","2","12",1,25,0,0,1
"477","F","4","12",1,145,0,0,1
"347","F","7","12",0,176,0,0,0
"243","F","9","12",0,248,0,0,0
"66","F","2","12",0,75,0,0,0
"290","F","4","12",0,165,0,0,0
"375","F","6","12",0,43,0,0,0
"32","F","6","12",0,275,0,0,0
"209","F","2","12",0,263,0,0,0
"214","F","4","12",0,249,0,0,0
"380","F","11","12",0,229,0,0,0
"103","F","3","12",0,142,0,0,0
"179","M","3","12",1,298,0.447146999184042,0.0631011530155526,0
"493","M","5","12",1,73,0.550016983914164,0.348497820727061,2
"83","M","6","12",1,145,0.538916268375552,0.226873914973112,1
"495","M","6","12",1,179,0.85775691162053,0.120540487929247,1
"418","M","8","12",1,5,0.945789995678182,0.357222486681316,3
"197","M","4","12",1,253,0.679611931547807,0.0833010763963102,1
"187","M","3","12",1,227,0.397781969280913,0.00935427479038917,0
"190","M","6","12",1,101,0.870081115871144,0.156712183059426,0
"420","M","2","12",1,136,0.815047088777646,0.213299785591479,2
"77","M","8","12",1,182,0.840696952683418,0.22022606340693,0
"411","M","12","12",1,30,0.849323903436213,0.482357080547573,1
"53","M","4","12",1,119,0.740422023859021,0.130539614357986,1
"189","M","7","12",1,38,0.834483665574703,0.644178865880299,2
"228","M","1","12",1,133,0.839687251253054,0.160381996939419,0
"449","M","3","12",1,1,0.925650122808293,0.0526253873851098,0
"378","M","5","12",0,141,0.986106083456026,0.206839675222,0
"365","M","6","12",0,85,0.894165416082915,0.217980436311336,0
"351","M","5","12",0,109,0.973882248771533,0.190861151990248,0
"26","M","4","12",0,245,0.939641095419344,0.174648633634206,0
"367","M","10","12",0,156,0.915904411517282,0.597896676174643,0
"24","M","7","12",0,231,0.749143333645722,0.606335640046369,0
"92","M","4","12",0,96,0.702793206365878,0.077248856658116,0
"4","M","2","12",0,286,0.106193305691704,0.0569717659349883,0
"489","M","5","12",0,261,0.942075104653252,0.621611837181262,0
"242","M","3","12",0,127,0.354962266748771,0.0278837164126863,0
"407","M","1","12",0,266,0.0896788220852613,0.0889390588297883,0
"470","M","2","12",0,161,0.723492737626657,0.0913738637347644,0
"269","F","16","13",1,5,0,0,2
"381","F","3","13",1,38,0,0,3
"434","F","7","13",1,165,0,0,1
"477","F","4","13",1,128,0,0,2
"71","F","7","13",1,7,0,0,1
"23","F","3","13",1,111,0,0,0
"227","F","6","13",1,55,0,0,0
"98","F","7","13",1,245,0,0,1
"180","F","8","13",1,98,0,0,4
"395","F","6","13",1,156,0,0,2
"448","F","7","13",1,211,0,0,0
"128","F","7","13",1,300,0,0,2
"220","F","2","13",1,225,0,0,2
"467","F","2","13",1,48,0,0,0
"214","F","4","13",1,256,0,0,2
"60","F","8","13",1,103,0,0,4
"408","F","6","13",1,244,0,0,1
"431","F","1","13",1,161,0,0,1
"474","F","2","13",1,74,0,0,4
"347","F","7","13",0,176,0,0,0
"32","F","6","13",0,275,0,0,0
"380","F","11","13",0,229,0,0,0
"103","F","3","13",0,142,0,0,0
"216","F","5","13",0,58,0,0,0
"137","F","5","13",0,19,0,0,0
"163","F","5","13",0,188,0,0,0
"372","F","7","13",0,160,0,0,0
"133","F","3","13",0,76,0,0,0
"267","F","2","13",0,146,0,0,0
"496","F","12","13",0,25,0,0,0
"75","F","4","13",0,227,0,0,0
"418","M","8","13",1,5,0.945789995678182,0.357222486681316,2
"367","M","10","13",1,156,0.915904411517282,0.597896676174643,2
"83","M","6","13",1,128,0.538916268375552,0.226873914973112,2
"197","M","4","13",1,165,0.679611931547807,0.0833010763963102,1
"77","M","8","13",1,277,0.840696952683418,0.22022606340693,0
"352","M","12","13",1,103,0.900500018885609,0.851858716010857,4
"336","M","7","13",1,7,0.835085812309612,0.341729453223079,1
"28","M","7","13",1,74,0.974461114216537,0.853552599845338,4
"202","M","3","13",1,300,0.543154574465007,0.177821829888663,2
"323","M","4","13",1,244,0.92142113746539,0.769254877464846,1
"274","M","7","13",1,98,0.937214055685184,0.91470453674109,4
"122","M","1","13",1,48,0.87005813093856,0.229445410963923,0
"136","M","1","13",1,211,0.991545924218372,0.0953466179674101,0
"309","M","3","13",1,111,0.302611296297982,0.0193436056014166,0
"489","M","5","13",0,261,0.942075104653252,0.621611837181262,0
"242","M","3","13",0,127,0.354962266748771,0.0278837164126863,0
"493","M","5","13",0,284,0.550016983914164,0.348497820727061,0
"53","M","4","13",0,26,0.740422023859021,0.130539614357986,0
"365","M","6","13",0,185,0.894165416082915,0.217980436311336,0
"351","M","5","13",0,239,0.973882248771533,0.190861151990248,0
"24","M","7","13",0,293,0.749143333645722,0.606335640046369,0
"162","M","9","13",0,17,0.536271426030384,0.409555842475719,0
"13","M","9","13",0,50,0.695743280961322,0.896120114602531,0
"240","M","4","13",0,181,0.819492163007298,0.782547077629715,0
"413","M","4","13",0,217,0.40731451072207,0.269018853781745,0
"283","M","5","13",0,222,0.41270432587736,0.791708424221724,0
"130","M","8","13",0,91,0.719648428120964,0.731642436631425,0
"363","M","2","13",0,40,0.311513067455962,0.150263816506994,0
"406","M","1","13",0,230,0.654972476419061,0.0582746094148813,0
"442","M","1","13",0,183,0.003450469346717,0.317411977197402,0
"472","M","5","13",0,296,0.789148343726372,0.515650803688914,0
"180","F","8","14",1,98,0,0,4
"474","F","2","14",1,74,0,0,1
"380","F","11","14",1,229,0,0,0
"103","F","3","14",1,142,0,0,NA
"75","F","4","14",1,227,0,0,NA
"269","F","16","14",1,293,0,0,2
"477","F","4","14",1,117,0,0,1
"71","F","7","14",1,225,0,0,2
"448","F","7","14",1,213,0,0,3
"128","F","7","14",1,171,0,0,0
"214","F","4","14",1,221,0,0,2
"84","F","1","14",1,252,0,0,0
"125","F","1","14",1,32,0,0,3
"252","F","2","14",1,110,0,0,1
"345","F","1","14",1,138,0,0,0
"384","F","1","14",1,161,0,0,3
"488","F","6","14",1,296,0,0,2
"347","F","7","14",0,176,0,0,0
"372","F","7","14",0,160,0,0,0
"381","F","3","14",0,224,0,0,0
"434","F","7","14",0,280,0,0,0
"98","F","7","14",0,249,0,0,0
"60","F","8","14",0,242,0,0,0
"408","F","6","14",0,207,0,0,0
"496","F","12","14",0,182,0,0,0
"387","F","4","14",0,120,0,0,0
"28","M","7","14",1,74,0.974461114216537,0.640164449884004,1
"418","M","8","14",1,171,0.945789995678182,0.267916865010987,0
"336","M","7","14",1,86,0.835085812309612,0.256297089917309,1
"323","M","4","14",1,225,0.92142113746539,0.576941158098635,2
"53","M","4","14",1,110,0.740422023859021,0.0979047107684892,1
"139","M","8","14",1,32,0.906152649132704,0.688553160182674,3
"189","M","7","14",1,213,0.834483665574703,0.644178865880299,3
"449","M","3","14",1,138,0.925650122808293,0.0526253873851098,0
"182","M","3","14",1,176,0.63125009345822,0.0177292754724662,1
"248","M","3","14",1,117,0.664194719167426,0.0871101030490725,1
"481","M","3","14",1,252,0.394386284984648,0.00597506618805965,0
"493","M","5","14",0,284,0.550016983914164,0.261373365545296,0
"13","M","9","14",0,50,0.695743280961322,0.672090085951898,0
"83","M","6","14",0,70,0.538916268375552,0.170155436229834,0
"309","M","3","14",0,5,0.302611296297982,0.0145077042010624,0
"489","M","5","14",0,237,0.942075104653252,0.466208877885947,0
"242","M","3","14",0,164,0.354962266748771,0.0209127873095148,0
"363","M","2","14",0,90,0.311513067455962,0.112697862380245,0
"495","M","6","14",0,258,0.85775691162053,0.32144130114466,0
"229","M","3","14",0,55,0.918565141037107,0.354679438029896,0
"56","M","2","14",0,12,0.26305847405456,0.0194179091682042,0
"159","M","1","14",0,26,0.289170475909486,0.397996485926378,0
"277","M","2","14",0,264,0.0490121534094214,0.00131939882622894,0
"380","F","11","15",1,158,0,0,0
"75","F","4","15",1,156,0,0,1
"269","F","16","15",1,231,0,0,0
"477","F","4","15",1,78,0,0,0
"128","F","7","15",1,155,0,0,3
"252","F","2","15",1,102,0,0,2
"488","F","6","15",1,284,0,0,0
"98","F","7","15",1,239,0,0,2
"478","F","7","15",1,258,0,0,0
"294","F","3","15",1,55,0,0,0
"299","F","2","15",1,46,0,0,0
"339","F","1","15",1,50,0,0,1
"341","F","3","15",1,35,0,0,2
"364","F","3","15",1,30,0,0,1
"347","F","7","15",0,176,0,0,0
"434","F","7","15",0,280,0,0,0
"60","F","8","15",0,242,0,0,0
"408","F","6","15",0,207,0,0,0
"387","F","4","15",0,120,0,0,0
"71","F","7","15",0,266,0,0,0
"448","F","7","15",0,111,0,0,0
"113","F","2","15",0,115,0,0,0
"493","M","5","15",1,284,0.550016983914164,0.130686682772648,0
"53","M","4","15",1,78,0.740422023859021,0.0489523553842446,0
"189","M","7","15",1,155,0.834483665574703,0.32208943294015,3
"248","M","3","15",1,231,0.664194719167426,0.0435550515245362,0
"411","M","12","15",1,55,0.849323903436213,0.321571387031715,0
"130","M","8","15",1,156,0.719648428120964,0.365821218315713,1
"400","M","5","15",1,46,0.85944889725268,0.0338134756311774,0
"28","M","7","15",0,65,0.974461114216537,0.320082224942002,0
"139","M","8","15",0,37,0.906152649132704,0.344276580091337,0
"182","M","3","15",0,15,0.63125009345822,0.00886463773623308,0
"277","M","2","15",0,189,0.0490121534094214,0.000659699413114468,0
"283","M","5","15",0,132,0.41270432587736,0.395854212110862,0
"472","M","5","15",0,63,0.789148343726372,0.257825401844457,0
"423","M","3","15",0,91,0.393135979305953,0.0840856441000796,0
"354","M","3","15",0,135,0.436805516248569,0.0151371334010412,0
"75","F","4","16",1,43,0,0,3
"269","F","16","16",1,244,0,0,4
"128","F","7","16",1,135,0,0,0
"488","F","6","16",1,56,0,0,1
"294","F","3","16",1,91,0,0,0
"299","F","2","16",1,65,0,0,1
"341","F","3","16",1,35,0,0,0
"140","F","1","16",1,247,0,0,1
"362","F","1","16",1,27,0,0,0
"398","F","4","16",1,201,0,0,4
"416","F","4","16",1,37,0,0,2
"445","F","5","16",1,61,0,0,1
"347","F","7","16",0,176,0,0,0
"434","F","7","16",0,280,0,0,0
"60","F","8","16",0,242,0,0,0
"408","F","6","16",0,207,0,0,0
"113","F","2","16",0,115,0,0,0
"380","F","11","16",0,180,0,0,0
"364","F","3","16",0,292,0,0,0
"191","F","2","16",0,143,0,0,0
"28","M","7","16",1,65,0.974461114216537,0.240061668706501,1
"423","M","3","16",1,91,0.393135979305953,0.0630642330750597,0
"130","M","8","16",1,43,0.719648428120964,0.274365913736784,3
"472","M","5","16",1,61,0.789148343726372,0.193369051383343,1
"184","M","8","16",1,247,0.642144147668608,0.61932513587005,1
"189","M","7","16",0,126,0.834483665574703,0.241567074705112,0
"400","M","5","16",0,268,0.85944889725268,0.0253601067233831,0
"83","M","6","16",0,270,0.538916268375552,0.453747829946224,0
"388","M","4","16",0,214,0.758308831780343,0.249686624156311,0
"383","M","1","16",0,14,0.31472197570838,0.00613469444241062,0
"445","F","5","17",1,288,0,0,1
"294","F","3","17",1,130,0,0,1
"341","F","3","17",1,268,0,0,0
"398","F","4","17",1,64,0,0,1
"416","F","4","17",1,49,0,0,3
"191","F","2","17",1,58,0,0,4
"175","F","5","17",1,126,0,0,0
"434","F","7","17",0,280,0,0,0
"60","F","8","17",0,242,0,0,0
"408","F","6","17",0,207,0,0,0
"380","F","11","17",0,180,0,0,0
"364","F","3","17",0,292,0,0,0
"128","F","7","17",0,234,0,0,0
"488","F","6","17",0,114,0,0,0
"188","F","3","17",0,53,0,0,0
"332","F","1","17",0,232,0,0,0
"189","M","7","17",1,126,0.834483665574703,0.241567074705112,0
"400","M","5","17",1,268,0.85944889725268,0.0253601067233831,0
"472","M","5","17",1,288,0.789148343726372,0.193369051383343,1
"411","M","12","17",1,58,0.849323903436213,0.64314277406343,4
"139","M","8","17",1,49,0.906152649132704,0.918070880243564,3
"439","M","5","17",1,64,0.730066699516042,0.451385275227949,1
"130","M","8","17",0,140,0.719648428120964,0.274365913736784,0
"184","M","8","17",0,239,0.642144147668608,0.61932513587005,0
"352","M","12","17",0,8,0.900500018885609,0.851858716010857,0
"274","M","7","17",0,228,0.937214055685184,0.91470453674109,0
"354","M","3","17",0,54,0.436805516248569,0.0302742668020823,0
"401","M","3","17",0,250,0.786797086708248,0.53135419221002,0
"302","M","2","17",0,40,0.123630486428738,0.495945151696071,0
"465","M","3","17",0,219,0.745799591299146,0.488594459059094,0
"398","F","4","18",1,40,0,0,2
"416","F","4","18",1,147,0,0,1
"60","F","8","18",1,270,0,0,1
"42","F","4","18",1,16,0,0,2
"155","F","1","18",1,168,0,0,3
"249","F","7","18",1,3,0,0,0
"434","F","7","18",0,280,0,0,0
"408","F","6","18",0,207,0,0,0
"380","F","11","18",0,180,0,0,0
"128","F","7","18",0,234,0,0,0
"188","F","3","18",0,53,0,0,0
"445","F","5","18",0,236,0,0,0
"175","F","5","18",0,212,0,0,0
"302","M","2","18",1,40,0.123630486428738,0.371958863772053,2
"130","M","8","18",1,3,0.719648428120964,0.205774435302588,0
"465","M","3","18",1,147,0.745799591299146,0.366445844294321,1
"388","M","4","18",1,16,0.758308831780343,0.249686624156311,2
"303","M","1","18",1,270,0.775468164123595,0.25901322597554,1
"184","M","8","18",0,239,0.642144147668608,0.464493851902538,0
"274","M","7","18",0,228,0.937214055685184,0.686028402555818,0
"401","M","3","18",0,250,0.786797086708248,0.398515644157515,0
"276","M","7","18",0,55,0.422692008526451,0.517786592947998,0
"416","F","4","19",1,147,0,0,1
"249","F","7","19",1,3,0,0,2
"398","F","4","19",1,33,0,0,0
"60","F","8","19",1,239,0,0,0
"380","F","11","19",1,200,0,0,0
"488","F","6","19",1,19,0,0,2
"410","F","3","19",1,1,0,0,0
"188","F","3","19",0,53,0,0,0
"445","F","5","19",0,236,0,0,0
"175","F","5","19",0,212,0,0,0
"42","F","4","19",0,114,0,0,0
"465","M","3","19",1,147,0.745799591299146,0.18322292214716,1
"411","M","12","19",1,19,0.849323903436213,0.321571387031715,2
"392","M","4","19",1,33,0.991486755605038,0.412818572600372,0
"288","M","2","19",1,200,0.939332583919168,0.075338910262057,0
"439","M","5","19",0,215,0.730066699516042,0.225692637613975,0
"281","M","4","19",0,26,0.631499893737421,0.284119586925954,0
"284","M","1","19",0,214,0.239389227470383,0.206795596633497,0
"380","F","11","20",1,200,0,0,1
"350","F","1","20",1,78,0,0,2
"175","F","5","20",0,212,0,0,0
"42","F","4","20",0,114,0,0,0
"249","F","7","20",0,68,0,0,0
"60","F","8","20",0,203,0,0,0
"410","F","3","20",0,243,0,0,0
"445","F","5","20",0,119,0,0,0
"236","F","2","20",0,209,0,0,0
"392","M","4","20",1,78,0.991486755605038,0.309613929450279,2
"439","M","5","20",0,215,0.730066699516042,0.169269478210481,0
"281","M","4","20",0,147,0.631499893737421,0.213089690194465,0
"130","M","8","20",0,256,0.719648428120964,0.548731827473569,0
"184","M","8","20",0,139,0.642144147668608,0.61932513587005,0
"276","M","7","20",0,57,0.422692008526451,0.517786592947998,0
